variable,estimate,std_error,t_value,p_value
(Intercept),-2783.219675227149,1271.0013570972926,-2.189784975197394,0.028896734290441234
SL.UEM.1524.ZS,-61.761847833264774,47.310132096240984,-1.3054676682708322,0.1921983909462064
SI.POV.DDAY,-245.03864220610802,114.21694738179224,-2.1453790161894184,0.0322946729239242
NY.GDP.PCAP.PP.CD,0.20670532101864184,0.03475375483950869,5.947711893957873,4.454765991151039e-9
FP.CPI.TOTL.ZG,-458.0675460885537,232.97736481695466,-1.966146138052714,0.04970953525659232
